Dia da semana;Aulas;Link;Vitrine - Curseduca
Segunda feira;Inglês- Básico;https://institutonta.curseduca.pro/admin/home;workshop - inglês, inglês p/ carreira de dados e IA, Aceleração Inglês Basico - vimeo
Segunda feira;Estágio;Projeto Estágio;
Segunda feira;Mentoria IA - Alternado;https://membros.empregadados.com.br/;
Terça Feira;Bianca - EmpregaDados;https://studio.youtube.com/channel/UCSAIAkpkuuP_lxAr5ixDFnw;Dúvidas: Entrevista e Carreira
Terça Feira;Bianca - TFTEC - Alternado;Aulas Carreira em cloud - TFTEC;
Terça feira ;Club soft skills;Clube Softskill;
Terça feira ;Inglês - TI - básico;Inglês Básico;
Quarta feira;Inglês- inter/avançado;https://institutonta.curseduca.pro/admin/home;workshop - inglês, inglês p/ carreira de dados e IA, Aceleração Inglês Basico - vimeo
Quarta feira;Aceleração -EmpregaDados;;vimeo - pasta aceleração enviar para Ana Clara
Quinta feira;Inglês - TI - interm/avançado;Inglês Avançado;
Quinta feira;Bianca - EmpregaDados;https://studio.youtube.com/channel/UCSAIAkpkuuP_lxAr5ixDFnw;Dúvidas: Entrevista e Carreira
Quinta feira;Projeto - IA;;Curseduca - Workshop e empregaDados
Quinta feira;Estágio;Projeto Estágio;
