CHECKLIST SEMANAL,,
Organize sua semana e marque cada atividade quando concluir.,,
,,
DIA,ATIVIDADE,OK
Segunda,Mentoria IA Negócios - EmpregaDados (antiga),☐
Segunda,Inglês Básico EmpregaDados e Pós Eng. Dados e IA - Edição Vídeo,☐
Segunda,Estágio,☐
Terça,Vídeo Mentoria Bianca - EmpregaDados,☐
Terça,Aula de Inglês Profissionais de TI - Arquitetura Avançada (Básico),☐
Terça,Mentorias Bianca TFTEC - Semana Alternadas - 15/09,☐
Terça,Projeto EmpregaDados - Geovany / Edição Vídeo e Plataforma e capa,☐
Terça,Clube de Soft skills,☐
Quarta,Inglês Interm / Avançado EmpregaDados - Eng. Dados e IA - Edição,☐
Quarta,Aceleração Empregados - plataforma na aceleração,☐
Quinta,Aula de Inglês Profissionais de TI - Arquitetura Avançada (Avançado),☐
Quinta,Vídeo Mentoria Bianca - EmpregaDados,☐
Quinta,Projeto IA - (Workshop e Empregados) - Edição Vídeo e Plataforma,☐
Quinta,Estágio,☐
,,
,,
SEMANA: ____ / ____ / ______   →   ____ / ____ / ______,,